timestamp,region,predicted_carbon_intensity,predicted_temperature,energy_consumption,cost,score
2016-12-31 23:00:00,Europe,241.29,-0.6279,39.26327496293532,0.17498895835277284,108.39277028055116
2016-12-31 23:00:00,India,343.71,-0.6926,39.28302271572683,0.12498906203021161,149.36316462712412
2016-12-31 23:00:00,USA,317.35,-0.7469,39.279061097114656,0.2149726809948887,138.8414028653334
2017-01-01 01:00:00,Europe,241.29,-0.6279,39.26327496293532,0.17498895835277284,108.39277028055116
2017-01-01 01:00:00,India,343.71,-0.6887,39.28302271572683,0.12498906203021161,149.3627746271241
2017-01-01 01:00:00,USA,317.35,-0.7511,39.279061097114656,0.2149726809948887,138.8418228653334
2017-01-01 04:00:00,Europe,241.29,-0.6279,39.26327496293532,0.17498895835277284,108.39277028055116
2017-01-01 04:00:00,India,343.71,-0.6887,39.28302271572683,0.12498906203021161,149.3627746271241
2017-01-01 04:00:00,USA,317.35,-0.7511,39.279061097114656,0.2149726809948887,138.8418228653334
